,Country,City,AQI Value,AQI Category,CO AQI Value,CO AQI Category,Ozone AQI Value,Ozone AQI Category,NO2 AQI Value,NO2 AQI Category,PM2.5 AQI Value,PM2.5 AQI Category,lat,lng
385,France,Granville,30,Good,1,Good,30,Good,3,Good,25,Good,48.8381,-1.5869
560,Saint Vincent and the Grenadines,Kingstown,163,Unhealthy,0,Good,25,Good,0,Good,163,Unhealthy,13.1578,-61.225
623,United States of America,Nanakuli,30,Good,0,Good,27,Good,0,Good,30,Good,21.3892,-158.1445
629,Italy,Lavagna,55,Moderate,1,Good,38,Good,2,Good,55,Moderate,44.3167,9.3333
664,Italy,Ladispoli,48,Good,1,Good,48,Good,2,Good,34,Good,41.9544,12.0742
781,Italy,Nettuno,53,Moderate,1,Good,53,Moderate,1,Good,23,Good,41.4667,12.6667
811,Colombia,Puebloviejo,71,Moderate,1,Good,16,Good,0,Good,71,Moderate,10.9972,-74.2875
864,Italy,Fiumicino,51,Moderate,2,Good,39,Good,7,Good,51,Moderate,41.7667,12.2333
1086,United States of America,Carteret,56,Moderate,1,Good,29,Good,9,Good,56,Moderate,40.5849,-74.2284
1127,Italy,Ercolano,48,Good,1,Good,48,Good,1,Good,30,Good,40.8,14.35
1140,Guinea-Bissau,Bolama,121,Unhealthy for Sensitive Groups,1,Good,24,Good,0,Good,121,Unhealthy for Sensitive Groups,11.5767,-15.4828
1190,Australia,Broome,30,Good,1,Good,19,Good,0,Good,30,Good,-17.9619,122.2361
1256,United States of America,Prince Rupert,31,Good,0,Good,31,Good,0,Good,6,Good,54.3122,-130.3271
1282,Dominica,Roseau,100,Unhealthy for Sensitive Groups,0,Good,25,Good,0,Good,100,Unhealthy for Sensitive Groups,15.3014,-61.3883
1353,Australia,Ardrossan,69,Moderate,0,Good,33,Good,0,Good,69,Moderate,55.6432,-4.8097
1389,Sweden,Stockholm,31,Good,1,Good,31,Good,1,Good,8,Good,59.3294,18.0686
1487,Philippines,Tacloban,64,Moderate,1,Good,23,Good,0,Good,64,Moderate,11.2444,125.0039
1488,Japan,Tadotsu,45,Good,1,Good,45,Good,1,Good,26,Good,34.2729,133.7586
1499,Indonesia,Ternate,22,Good,1,Good,16,Good,0,Good,22,Good,0.78,127.3819
1500,Indonesia,Ternate,22,Good,1,Good,16,Good,0,Good,22,Good,14.2833,120.7167
1568,United Kingdom,Broadstairs,41,Good,0,Good,35,Good,1,Good,41,Good,51.3589,1.4394
1628,Italy,Piombino,40,Good,1,Good,40,Good,0,Good,19,Good,42.9348,10.5221
1634,Bulgaria,Pomorie,40,Good,1,Good,40,Good,0,Good,25,Good,42.5683,27.6167
1643,Spain,Puerto Real,32,Good,1,Good,32,Good,2,Good,32,Good,36.5292,-6.1919
1651,United Kingdom,Rottingdean,52,Moderate,1,Good,28,Good,5,Good,52,Moderate,50.815,-0.065
1664,Japan,Sakaiminato,44,Good,1,Good,44,Good,0,Good,34,Good,35.5333,133.2333
1676,Costa Rica,San Jose,45,Good,1,Good,17,Good,0,Good,45,Good,37.3012,-121.848
1677,Costa Rica,San Jose,45,Good,1,Good,17,Good,0,Good,45,Good,12.3528,121.0676
1678,Costa Rica,San Jose,45,Good,1,Good,17,Good,0,Good,45,Good,15.7919,120.99
1679,Costa Rica,San Jose,45,Good,1,Good,17,Good,0,Good,45,Good,10.7433,121.9411
1680,Costa Rica,San Jose,45,Good,1,Good,17,Good,0,Good,45,Good,10.18,125.5683
1681,Costa Rica,San Jose,45,Good,1,Good,17,Good,0,Good,45,Good,13.8772,121.105
1682,Costa Rica,San Jose,45,Good,1,Good,17,Good,0,Good,45,Good,13.6981,123.5186
1683,Costa Rica,San Jose,45,Good,1,Good,17,Good,0,Good,45,Good,10.0083,125.5889
1684,Costa Rica,San Jose,45,Good,1,Good,17,Good,0,Good,45,Good,9.4167,123.2333
1685,Costa Rica,San Jose,45,Good,1,Good,17,Good,0,Good,45,Good,12.531,124.487
1718,Italy,Savona,37,Good,1,Good,37,Good,2,Good,34,Good,44.308,8.481
1734,Portugal,Sines,34,Good,1,Good,34,Good,3,Good,31,Good,37.9547,-8.8644
1799,United States of America,Keansburg,77,Moderate,2,Good,45,Good,6,Good,77,Moderate,40.4469,-74.1315
1811,United States of America,Juneau,28,Good,0,Good,25,Good,2,Good,28,Good,58.4546,-134.1739
1883,Spain,Santa Pola,33,Good,1,Good,32,Good,2,Good,33,Good,38.1897,-0.5556
1908,Turkey,Sinop,47,Good,1,Good,33,Good,0,Good,47,Good,-11.8481,-55.6492
1909,Turkey,Sinop,47,Good,1,Good,33,Good,0,Good,47,Good,42.0267,35.1511
1969,Japan,Futtsu,49,Good,1,Good,42,Good,2,Good,49,Good,35.3041,139.857
1976,Philippines,Gingoog,45,Good,1,Good,25,Good,0,Good,45,Good,8.8167,125.1
2066,Indonesia,Balikpapan,27,Good,1,Good,19,Good,0,Good,27,Good,-1.2768,116.8277
2119,Australia,Gold Coast,28,Good,0,Good,28,Good,3,Good,21,Good,-28.0167,153.4
2135,Sri Lanka,Hambantota,53,Moderate,1,Good,17,Good,2,Good,53,Moderate,6.1244,81.1225
2165,Mexico,Isla Mujeres,29,Good,0,Good,29,Good,0,Good,12,Good,21.2084,-86.7115
2217,Italy,Santa Flavia,61,Moderate,1,Good,47,Good,0,Good,61,Moderate,38.0833,13.5333
2247,Italy,Crotone,44,Good,1,Good,44,Good,0,Good,44,Good,39.0833,17.1167
2308,Italy,Vieste,66,Moderate,1,Good,59,Moderate,0,Good,66,Moderate,41.8833,16.1667
2338,Peru,Moche,31,Good,1,Good,15,Good,1,Good,31,Good,-8.1706,-79.0094
2364,Japan,Namerikawa,43,Good,1,Good,43,Good,0,Good,24,Good,36.7644,137.3412
2462,France,Menton,108,Unhealthy for Sensitive Groups,2,Good,28,Good,4,Good,108,Unhealthy for Sensitive Groups,43.775,7.5
2707,Tanzania,Zanzibar,39,Good,1,Good,20,Good,0,Good,39,Good,-6.165,39.199
2722,Comoros,Domoni,30,Good,0,Good,30,Good,0,Good,21,Good,-12.2586,44.5303
2848,United States of America,Anacortes,97,Moderate,1,Good,25,Good,10,Good,97,Moderate,48.4878,-122.6292
2878,The Gambia,Banjul,151,Unhealthy,1,Good,25,Good,1,Good,151,Unhealthy,13.4531,-16.5775
2929,United States of America,New York,70,Moderate,2,Good,20,Good,18,Good,70,Moderate,40.6943,-73.9249
2986,Spain,Alcudia,101,Unhealthy for Sensitive Groups,1,Good,49,Good,1,Good,101,Unhealthy for Sensitive Groups,39.8525,3.1192
3041,United States of America,Titusville,93,Moderate,1,Good,93,Moderate,1,Good,27,Good,28.5727,-80.8193
3043,Japan,Togitsu,38,Good,1,Good,36,Good,7,Good,38,Good,32.8289,129.8486
3105,France,Dinard,45,Good,1,Good,30,Good,3,Good,45,Good,48.6325,-2.0617
3137,Croatia,Split,93,Moderate,1,Good,44,Good,0,Good,93,Moderate,43.51,16.44
3166,Philippines,Pulupandan,65,Moderate,1,Good,33,Good,2,Good,65,Moderate,10.5167,122.8
3200,Philippines,Pambujan,26,Good,0,Good,26,Good,0,Good,20,Good,12.5667,124.9333
3264,Mozambique,Maxixe,38,Good,1,Good,24,Good,0,Good,38,Good,-23.8667,35.35
3591,Australia,Runcorn,37,Good,1,Good,37,Good,1,Good,33,Good,53.3419,-2.7336
3621,Guinea-Bissau,Bissau,134,Unhealthy for Sensitive Groups,1,Good,24,Good,0,Good,134,Unhealthy for Sensitive Groups,11.85,-15.5667
3662,Bahrain,Sitrah,159,Unhealthy,1,Good,94,Moderate,2,Good,159,Unhealthy,26.12,50.65
3690,Japan,Kochi,84,Moderate,1,Good,25,Good,1,Good,84,Moderate,9.97,76.28
3780,Denmark,Frederikshavn,44,Good,0,Good,37,Good,1,Good,44,Good,57.441,10.534
3819,United States of America,Miami Beach,62,Moderate,1,Good,16,Good,10,Good,62,Moderate,25.8171,-80.1396
3847,United States of America,Newport News,44,Good,1,Good,44,Good,1,Good,43,Good,37.1051,-76.5185
3949,Japan,Nanao,39,Good,1,Good,39,Good,0,Good,19,Good,37.0431,136.9674
3994,Equatorial Guinea,Bata,60,Moderate,1,Good,26,Good,0,Good,60,Moderate,1.865,9.77
4001,Spain,Benidorm,37,Good,1,Good,37,Good,1,Good,25,Good,38.5342,-0.1314
4142,Italy,Ancona,80,Moderate,1,Good,68,Moderate,0,Good,80,Moderate,43.6169,13.5167
4167,Italy,Termini Imerese,57,Moderate,1,Good,48,Good,0,Good,57,Moderate,37.9833,13.7
4301,United States of America,Fort Myers,35,Good,0,Good,35,Good,0,Good,22,Good,26.6194,-81.8302
4433,Italy,Anzio,48,Good,1,Good,39,Good,6,Good,48,Good,41.4472,12.6283
4603,Philippines,Iloilo,48,Good,1,Good,21,Good,0,Good,48,Good,10.7167,122.5667
4735,United States of America,Marathon,56,Moderate,0,Good,30,Good,0,Good,56,Moderate,24.7263,-81.0374
4830,France,Martigues,37,Good,1,Good,35,Good,4,Good,37,Good,43.4053,5.0475
4915,United States of America,Campbellton,19,Good,1,Good,13,Good,2,Good,19,Good,48.005,-66.6731
4955,Portugal,Almada,44,Good,1,Good,38,Good,2,Good,44,Good,38.6803,-9.1583
4960,France,Antibes,56,Moderate,2,Good,19,Good,8,Good,56,Moderate,43.5808,7.1239
4961,Brazil,Antonina,31,Good,1,Good,11,Good,2,Good,31,Good,-25.4289,-48.7119
5016,Thailand,Si Racha,38,Good,0,Good,20,Good,0,Good,38,Good,13.174,100.93
5082,Italy,Sestri Levante,46,Good,1,Good,46,Good,2,Good,38,Good,44.2733,9.3932
5104,United States of America,North Myrtle Beach,50,Good,1,Good,39,Good,4,Good,50,Good,33.8232,-78.7082
5120,Indonesia,Meulaboh,55,Moderate,1,Good,18,Good,0,Good,55,Moderate,4.1333,96.1167
5189,Japan,Kaizuka,49,Good,1,Good,49,Good,0,Good,23,Good,34.4333,135.3667
5247,Portugal,Barreiro,36,Good,1,Good,36,Good,4,Good,17,Good,38.6667,-9.0667
5289,Papua New Guinea,Kavieng,65,Moderate,0,Good,19,Good,0,Good,65,Moderate,-2.5667,150.8
5293,Sweden,Landskrona,36,Good,0,Good,36,Good,0,Good,18,Good,55.8706,12.8311
5334,United Kingdom,Hull,59,Moderate,2,Good,20,Good,14,Good,59,Moderate,42.2861,-70.8835
5347,Philippines,Danao,67,Moderate,1,Good,21,Good,0,Good,67,Moderate,10.5333,123.9333
5348,Philippines,Danao,67,Moderate,1,Good,21,Good,0,Good,67,Moderate,10.0167,124.2667
5434,Japan,Hakodate,50,Good,1,Good,37,Good,1,Good,50,Good,41.7686,140.7289
5515,Russia,Pionerskiy,33,Good,0,Good,33,Good,0,Good,33,Good,54.9517,20.2333
5548,United States of America,Jensen Beach,48,Good,1,Good,21,Good,6,Good,48,Good,27.2437,-80.2423
5567,Italy,Ortona,45,Good,1,Good,45,Good,1,Good,34,Good,42.35,14.4
5601,Senegal,Goudomp,123,Unhealthy for Sensitive Groups,1,Good,26,Good,0,Good,123,Unhealthy for Sensitive Groups,12.5778,-15.8722
5659,Papua New Guinea,Daru,26,Good,0,Good,26,Good,0,Good,19,Good,-9.0833,143.2
5777,United Kingdom,Wallasey,43,Good,1,Good,30,Good,4,Good,43,Good,53.4158,-3.0233
5892,Malaysia,Putatan,50,Good,4,Good,32,Good,0,Good,50,Good,14.3984,121.0364
5981,Indonesia,Bontang,23,Good,1,Good,11,Good,0,Good,23,Good,0.1333,117.5
6022,Ghana,Winneba,28,Good,1,Good,23,Good,0,Good,28,Good,5.35,-0.625
6132,Italy,Arenzano,69,Moderate,1,Good,69,Moderate,0,Good,42,Good,44.4042,8.6806
6176,Dominican Republic,Nagua,112,Unhealthy for Sensitive Groups,1,Good,39,Good,0,Good,112,Unhealthy for Sensitive Groups,19.38,-69.85
6210,Italy,Vico Equense,73,Moderate,1,Good,73,Moderate,0,Good,56,Moderate,40.6667,14.4333
6258,Australia,Ilfracombe,41,Good,1,Good,22,Good,2,Good,41,Good,51.208,-4.12
6318,Australia,Bunbury,31,Good,0,Good,31,Good,0,Good,16,Good,-33.3272,115.6369
6339,Republic of Ireland,Wexford,68,Moderate,0,Good,38,Good,0,Good,68,Moderate,52.3342,-6.4575
6502,Brazil,Mangaratiba,84,Moderate,2,Good,24,Good,4,Good,84,Moderate,-22.96,-44.0408
6507,United States of America,Marblehead,59,Moderate,1,Good,44,Good,4,Good,59,Moderate,42.4992,-70.8639
6515,Italy,Ventimiglia,66,Moderate,1,Good,38,Good,2,Good,66,Moderate,43.7903,7.6083
6522,Spain,Torrevieja,35,Good,1,Good,31,Good,3,Good,35,Good,37.9778,-0.6833
6523,Croatia,Trogir,43,Good,1,Good,43,Good,1,Good,35,Good,43.5169,16.2514
6542,Chile,Taltal,23,Good,1,Good,12,Good,2,Good,23,Good,-25.4,-70.47
6651,Syria,Jablah,56,Moderate,1,Good,45,Good,0,Good,56,Moderate,35.35,35.9167
6784,United Kingdom,Great Yarmouth,30,Good,0,Good,30,Good,3,Good,21,Good,52.606,1.729
6798,Brazil,Itaparica,22,Good,0,Good,18,Good,1,Good,22,Good,-12.8878,-38.6789
6825,United States of America,Eureka,31,Good,1,Good,31,Good,1,Good,26,Good,40.7943,-124.1564
6826,United States of America,Eureka,31,Good,1,Good,31,Good,1,Good,26,Good,38.5004,-90.6491
6861,Nigeria,Lagos,172,Unhealthy,7,Good,17,Good,9,Good,172,Unhealthy,6.455,3.3841
6862,Nigeria,Lagos,172,Unhealthy,7,Good,17,Good,9,Good,172,Unhealthy,37.1028,-8.6728
6921,Italy,Procida,57,Moderate,1,Good,57,Moderate,1,Good,39,Good,40.7667,14.0333
7065,Australia,Mandurah,51,Moderate,0,Good,36,Good,0,Good,51,Moderate,-32.5289,115.7231
7095,Brazil,Cabedelo,23,Good,0,Good,23,Good,0,Good,20,Good,-6.9808,-34.8339
7287,Brazil,Almeirim,47,Good,1,Good,4,Good,0,Good,47,Good,-1.5228,-52.5819
7288,Brazil,Almeirim,47,Good,1,Good,4,Good,0,Good,47,Good,39.2,-8.6167
7307,United States of America,Biloxi,27,Good,0,Good,27,Good,2,Good,22,Good,30.4426,-88.9514
7511,Myanmar,Mawlamyine,53,Moderate,0,Good,22,Good,0,Good,53,Moderate,16.4847,97.6258
7519,Tanzania,Mtwara,29,Good,0,Good,20,Good,0,Good,29,Good,-10.2736,40.1828
7543,Vanuatu,Luganville,22,Good,0,Good,22,Good,0,Good,17,Good,-15.5333,167.1667
7593,France,La Porte,85,Moderate,2,Good,14,Good,9,Good,85,Moderate,29.6689,-95.0484
7594,France,La Porte,85,Moderate,2,Good,14,Good,9,Good,85,Moderate,41.6069,-86.7142
7614,Mexico,Puerto Vallarta,61,Moderate,2,Good,12,Good,2,Good,61,Moderate,20.6458,-105.2222
7627,Australia,Port Hedland,16,Good,0,Good,16,Good,0,Good,16,Good,-20.31,118.6011
7786,United States of America,Dana Point,37,Good,1,Good,22,Good,9,Good,37,Good,33.4733,-117.6967
7813,Thailand,Don Sak,63,Moderate,1,Good,23,Good,0,Good,63,Moderate,9.3169,99.6944
7903,Finland,Hamina,35,Good,1,Good,35,Good,0,Good,18,Good,60.5667,27.2
7928,Dominican Republic,Puerto Plata,131,Unhealthy for Sensitive Groups,1,Good,18,Good,2,Good,131,Unhealthy for Sensitive Groups,19.8,-70.6833
7937,United Kingdom,Ramsgate,40,Good,1,Good,40,Good,1,Good,10,Good,51.336,1.416
7945,Spain,Rianxo,25,Good,1,Good,22,Good,3,Good,25,Good,42.65,-8.8167
7992,Netherlands,Urk,26,Good,1,Good,26,Good,5,Good,25,Good,52.6667,5.6
8029,United Kingdom,Colwyn Bay,30,Good,1,Good,30,Good,3,Good,28,Good,53.29,-3.7
8073,United States of America,Winthrop,45,Good,1,Good,40,Good,1,Good,45,Good,42.3761,-70.9846
8094,Costa Rica,Alvarado,79,Moderate,1,Good,20,Good,1,Good,79,Moderate,18.7811,-95.7572
8095,Costa Rica,Alvarado,79,Moderate,1,Good,20,Good,1,Good,79,Moderate,4.5667,-74.95
8154,Italy,Martinsicuro,59,Moderate,2,Good,36,Good,8,Good,59,Moderate,42.8833,13.9167
8233,Italy,Gallipoli,47,Good,1,Good,45,Good,0,Good,47,Good,40.4139,26.6703
8234,Italy,Gallipoli,47,Good,1,Good,45,Good,0,Good,47,Good,40.0556,17.9917
8298,United States of America,Seal Beach,81,Moderate,2,Good,17,Good,23,Good,81,Moderate,33.7542,-118.0714
8473,Finland,Naantali,36,Good,1,Good,36,Good,0,Good,6,Good,60.4667,22.0333
8529,India,Benaulim,56,Moderate,1,Good,19,Good,1,Good,56,Moderate,15.27,73.9346
8946,Brazil,Vila Velha,57,Moderate,1,Good,15,Good,2,Good,57,Moderate,3.2167,-51.2167
8947,Brazil,Vila Velha,57,Moderate,1,Good,15,Good,2,Good,57,Moderate,-20.3364,-40.2936
9005,Brazil,Ilhabela,65,Moderate,2,Good,10,Good,7,Good,65,Moderate,-23.7778,-45.3578
9028,Italy,Albenga,74,Moderate,1,Good,45,Good,1,Good,74,Moderate,44.05,8.2167
9104,Portugal,Funchal,35,Good,0,Good,35,Good,0,Good,17,Good,32.65,-16.9167
9129,South Africa,Durban,90,Moderate,3,Good,25,Good,4,Good,90,Moderate,-29.8833,31.05
9145,Brazil,Praia Grande,154,Unhealthy,4,Good,1,Good,21,Good,154,Unhealthy,-24.0061,-46.4028
9174,Kyrgyzstan,Os,29,Good,0,Good,29,Good,0,Good,14,Good,60.2269,5.4758
9262,United Kingdom,Llanelli,40,Good,1,Good,24,Good,2,Good,40,Good,51.684,-4.163
9265,United States of America,Long Beach,51,Moderate,1,Good,25,Good,12,Good,51,Moderate,33.7977,-118.167
9266,United States of America,Long Beach,51,Moderate,1,Good,25,Good,12,Good,51,Moderate,40.5887,-73.666
9267,United States of America,Long Beach,51,Moderate,1,Good,25,Good,12,Good,51,Moderate,30.3608,-89.1651
9322,Algeria,Tigzirt,50,Good,4,Good,41,Good,16,Good,50,Good,36.8931,4.1225
9332,Italy,Pozzallo,65,Moderate,1,Good,19,Good,7,Good,65,Moderate,36.7303,14.8467
9361,Malaysia,Sandakan,48,Good,1,Good,19,Good,0,Good,48,Good,5.8388,118.1173
9391,Portugal,Ponta Delgada,21,Good,0,Good,21,Good,2,Good,12,Good,37.74,-25.67
9499,Philippines,Tandag,38,Good,1,Good,19,Good,0,Good,38,Good,9.0789,126.1986
9555,Indonesia,Tual,18,Good,0,Good,18,Good,0,Good,15,Good,-5.6368,132.7508
9572,Italy,Taranto,47,Good,1,Good,47,Good,3,Good,46,Good,40.4711,17.2431
9728,Portugal,Albufeira,35,Good,0,Good,35,Good,2,Good,19,Good,37.0897,-8.2458
9732,Indonesia,Amahai,16,Good,0,Good,16,Good,0,Good,7,Good,-3.3331,128.919
9740,France,Arcachon,50,Good,1,Good,31,Good,1,Good,50,Good,44.6586,-1.1689
9981,Zimbabwe,Workington,75,Moderate,0,Good,33,Good,0,Good,75,Moderate,54.6365,-3.5549
10016,New Zealand,Napier,27,Good,0,Good,27,Good,0,Good,15,Good,-39.4903,176.9178
10146,United States of America,Edgewood,49,Good,1,Good,34,Good,4,Good,49,Good,39.419,-76.2964
10147,United States of America,Edgewood,49,Good,1,Good,34,Good,4,Good,49,Good,47.2309,-122.2832
10178,Norway,Narvik,29,Good,1,Good,29,Good,0,Good,6,Good,68.4363,17.3983
10241,France,Mamoudzou,25,Good,0,Good,25,Good,0,Good,15,Good,-12.7794,45.2272
10348,Japan,Kishiwada,75,Moderate,2,Good,26,Good,11,Good,75,Moderate,34.4667,135.3667
10451,United States of America,Bremerton,41,Good,1,Good,27,Good,6,Good,41,Good,47.5436,-122.7121
10467,Argentina,Carpinteria,50,Good,1,Good,22,Good,7,Good,50,Good,34.3962,-119.5118
10477,Brazil,Abaetetuba,36,Good,0,Good,17,Good,0,Good,36,Good,-1.7178,-48.8828
10528,Philippines,Palompon,47,Good,1,Good,23,Good,0,Good,47,Good,11.05,124.3833
10626,Mexico,Coatzacoalcos,111,Unhealthy for Sensitive Groups,1,Good,17,Good,2,Good,111,Unhealthy for Sensitive Groups,18.15,-94.4333
10650,Brazil,Guaratuba,45,Good,1,Good,17,Good,3,Good,45,Good,-25.8828,-48.575
10720,Italy,Lipari,50,Good,1,Good,39,Good,1,Good,50,Good,38.4667,14.95
10832,United States of America,Benicia,37,Good,1,Good,31,Good,8,Good,37,Good,38.0725,-122.1526
10983,Italy,Trapani,58,Moderate,1,Good,47,Good,0,Good,58,Moderate,38.0175,12.515
11009,India,Kavaratti,58,Moderate,0,Good,20,Good,0,Good,58,Moderate,10.5626,72.6369
11020,India,Navelim,83,Moderate,0,Good,24,Good,0,Good,83,Moderate,15.2428,73.9331
11078,United States of America,Ocean City,71,Moderate,1,Good,40,Good,4,Good,71,Moderate,39.2681,-74.602
11147,United Kingdom,Iona,42,Good,1,Good,28,Good,4,Good,42,Good,26.516,-81.9601
11261,United States of America,Isabela,23,Good,1,Good,14,Good,0,Good,23,Good,10.2,122.9833
11262,United States of America,Isabela,23,Good,1,Good,14,Good,0,Good,23,Good,18.4991,-67.022
11291,Brazil,Matinhos,46,Good,1,Good,6,Good,3,Good,46,Good,-25.8178,-48.5428
11343,Italy,Porto San Giorgio,51,Moderate,2,Good,34,Good,8,Good,51,Moderate,43.1833,13.8
11393,Guinea,Conakry,33,Good,1,Good,25,Good,0,Good,33,Good,9.5092,-13.7122
11503,Italy,Chioggia,69,Moderate,1,Good,44,Good,1,Good,69,Moderate,45.2196,12.2789
11556,Italy,Portoferraio,50,Good,1,Good,45,Good,0,Good,50,Good,42.8167,10.3167
11562,Japan,Matsuura,44,Good,1,Good,44,Good,0,Good,34,Good,33.3333,129.7167
11592,United Kingdom,Rhyl,36,Good,0,Good,29,Good,1,Good,36,Good,53.321,-3.48
11618,Norway,Alta,29,Good,1,Good,29,Good,0,Good,9,Good,69.9689,23.2716
11659,United States of America,Half Moon Bay,52,Moderate,1,Good,33,Good,5,Good,52,Moderate,37.4685,-122.4382
11662,France,Hendaye,53,Moderate,2,Good,25,Good,3,Good,53,Moderate,43.3586,-1.7744
11798,United Kingdom,Cleethorpes,46,Good,1,Good,37,Good,1,Good,46,Good,53.5533,-0.0215
11816,Malaysia,Kota Kinabalu,47,Good,2,Good,14,Good,3,Good,47,Good,5.975,116.0725
11847,Antigua and Barbuda,Obama,77,Moderate,2,Good,21,Good,11,Good,77,Moderate,35.4957,135.7466
11850,Thailand,Pattani,96,Moderate,1,Good,29,Good,1,Good,96,Moderate,6.8664,101.2508
11884,Italy,Porto Torres,48,Good,1,Good,48,Good,0,Good,27,Good,40.8369,8.4014
11963,Australia,Exmouth,37,Good,1,Good,29,Good,1,Good,37,Good,50.62,-3.413
11964,Australia,Exmouth,37,Good,1,Good,29,Good,1,Good,37,Good,-21.9331,114.1281
11969,Italy,Gaeta,77,Moderate,1,Good,77,Moderate,0,Good,40,Good,41.2167,13.5667
12021,Cuba,Nuevitas,62,Moderate,1,Good,28,Good,0,Good,62,Moderate,21.5403,-77.2644
12114,France,La Ciotat,31,Good,1,Good,31,Good,7,Good,25,Good,43.1769,5.6086
12189,Norway,Harstad,28,Good,1,Good,28,Good,0,Good,8,Good,68.8011,16.5441
12319,United States of America,Swampscott,29,Good,1,Good,27,Good,6,Good,29,Good,42.4757,-70.9068
12331,Norway,Stavanger,29,Good,0,Good,29,Good,0,Good,14,Good,58.97,5.7314
12422,Norway,Nesoddtangen,43,Good,1,Good,43,Good,0,Good,14,Good,59.8086,10.6556
12501,Brazil,Iguape,76,Moderate,4,Good,6,Good,3,Good,76,Moderate,-24.7081,-47.5553
12601,Philippines,Puerto Princesa,25,Good,1,Good,23,Good,0,Good,25,Good,9.75,118.75
12692,United States of America,Montrose,32,Good,0,Good,32,Good,1,Good,20,Good,38.4689,-107.859
12693,United States of America,Montrose,32,Good,0,Good,32,Good,1,Good,20,Good,56.708,-2.467
12695,France,Le Pradet,60,Moderate,1,Good,30,Good,6,Good,60,Moderate,43.1056,6.0233
12704,Colombia,Malibu,42,Good,2,Good,42,Good,6,Good,28,Good,34.037,-118.7839
12734,Italy,Ficarazzi,40,Good,1,Good,40,Good,2,Good,30,Good,38.0833,13.4667
12799,United Kingdom,Bognor Regis,51,Moderate,1,Good,24,Good,8,Good,51,Moderate,50.7824,-0.6764
12828,Indonesia,Probolinggo,75,Moderate,1,Good,42,Good,1,Good,75,Moderate,-7.75,113.2167
12853,Croatia,Rovinj,54,Moderate,1,Good,38,Good,2,Good,54,Moderate,45.0833,13.6333
12862,Kenya,Lamu,21,Good,0,Good,21,Good,0,Good,16,Good,-2.2694,40.9022
13037,Philippines,Sitangkai,36,Good,1,Good,14,Good,0,Good,36,Good,4.6615,119.3919
13142,Indonesia,Kupang,64,Moderate,1,Good,24,Good,0,Good,64,Moderate,-10.1702,123.6077
13226,United States of America,Marina,37,Good,1,Good,37,Good,3,Good,27,Good,36.681,-121.7892
13290,Norway,Kristiansund,29,Good,1,Good,29,Good,0,Good,11,Good,63.1104,7.7279
13387,Pakistan,Gwadar,153,Unhealthy,1,Good,38,Good,0,Good,153,Unhealthy,25.1264,62.3225
13409,Faroe Islands,Leirvik,31,Good,0,Good,31,Good,0,Good,15,Good,59.7798,5.5005
13631,Italy,Terracina,47,Good,1,Good,47,Good,1,Good,33,Good,41.2833,13.25
13652,Italy,Santa Margherita Ligure,51,Moderate,1,Good,37,Good,2,Good,51,Moderate,44.3333,9.2167
13663,Indonesia,Sorong,15,Good,0,Good,15,Good,0,Good,12,Good,-0.8667,131.25
13694,United States of America,Weymouth,36,Good,0,Good,29,Good,1,Good,36,Good,50.613,-2.457
13695,United States of America,Weymouth,36,Good,0,Good,29,Good,1,Good,36,Good,42.1981,-70.9466
13746,United Kingdom,Worthing,54,Moderate,0,Good,36,Good,2,Good,54,Moderate,50.8147,-0.3714
13804,The Bahamas,Nassau,32,Good,0,Good,32,Good,0,Good,7,Good,25.0781,-77.3386
13848,United Kingdom,Troon,38,Good,1,Good,37,Good,0,Good,38,Good,55.54,-4.66
13863,Russia,Svetlyy,35,Good,1,Good,35,Good,0,Good,21,Good,54.6667,20.1333
13914,Italy,La Maddalena,39,Good,1,Good,30,Good,3,Good,39,Good,41.2167,9.4
13925,United States of America,Corpus Christi,40,Good,0,Good,27,Good,0,Good,40,Good,27.7254,-97.3767
14038,Sweden,Karlskrona,35,Good,0,Good,35,Good,0,Good,23,Good,56.1608,15.5861
14100,United Kingdom,Folkestone,50,Good,0,Good,36,Good,1,Good,50,Good,51.081,1.166
14201,Italy,Milazzo,63,Moderate,1,Good,48,Good,0,Good,63,Moderate,38.217,15.237
14258,Japan,Ishikari,26,Good,1,Good,26,Good,3,Good,21,Good,43.1667,141.3167
14259,United States of America,Isla Vista,39,Good,2,Good,33,Good,8,Good,39,Good,34.4128,-119.8614
14306,Papua New Guinea,Wewak,14,Good,0,Good,14,Good,0,Good,9,Good,-3.55,143.6333
14310,Sweden,Ystad,37,Good,1,Good,37,Good,1,Good,30,Good,55.4167,13.8333
14352,United Kingdom,Birkenhead,34,Good,1,Good,34,Good,4,Good,22,Good,53.393,-3.014
14375,Ecuador,Muisne,26,Good,1,Good,20,Good,0,Good,26,Good,0.6108,-80.0186
14464,Italy,Viareggio,56,Moderate,1,Good,44,Good,1,Good,56,Moderate,43.8672,10.2506
14551,Turkey,Mersin,46,Good,1,Good,38,Good,0,Good,46,Good,36.8,34.6333
14577,United States of America,Grover Beach,41,Good,1,Good,21,Good,5,Good,41,Good,35.1204,-120.6197
14730,Denmark,Copenhagen,36,Good,1,Good,31,Good,3,Good,36,Good,55.6761,12.5683
14799,Italy,Bacoli,47,Good,1,Good,47,Good,2,Good,40,Good,40.8,14.0833
14814,France,La Rochelle,36,Good,1,Good,36,Good,1,Good,16,Good,46.16,-1.15
14837,Australia,Port Lincoln,25,Good,0,Good,25,Good,0,Good,2,Good,-34.7322,135.8586
14897,Samoa,Apia,17,Good,0,Good,17,Good,0,Good,10,Good,-13.8333,-171.75
14916,Spain,Salou,83,Moderate,1,Good,29,Good,2,Good,83,Moderate,41.0796,1.1316
14968,Italy,Caorle,49,Good,1,Good,49,Good,1,Good,48,Good,45.6,12.8833
15003,Italy,Imperia,53,Moderate,1,Good,39,Good,2,Good,53,Moderate,43.8833,8.0333
15037,Japan,Yokosuka,69,Moderate,1,Good,69,Moderate,2,Good,45,Good,35.25,139.6667
15299,Japan,Otaru,33,Good,1,Good,33,Good,0,Good,17,Good,43.1907,140.9944
15300,Malaysia,Tawau,26,Good,1,Good,9,Good,1,Good,26,Good,4.2448,117.8911
15370,Malaysia,Labuan,25,Good,2,Good,25,Good,0,Good,18,Good,5.3,115.22
15469,Papua New Guinea,Madang,14,Good,0,Good,13,Good,0,Good,14,Good,-5.2167,145.8
15521,Philippines,Kalamansig,45,Good,1,Good,25,Good,0,Good,45,Good,6.5667,124.05
15555,United States of America,Valdez,22,Good,1,Good,22,Good,0,Good,22,Good,1.25,-79.0
15809,India,Diu,128,Unhealthy for Sensitive Groups,0,Good,29,Good,0,Good,128,Unhealthy for Sensitive Groups,20.715,70.9844
15812,Italy,Formia,47,Good,1,Good,47,Good,0,Good,32,Good,41.2667,13.6167
15858,United States of America,Safety Harbor,88,Moderate,1,Good,88,Moderate,1,Good,14,Good,28.008,-82.6964
15874,Italy,Ischia,56,Moderate,1,Good,56,Moderate,0,Good,38,Good,40.75,13.95
15877,United States of America,Key West,28,Good,0,Good,27,Good,0,Good,28,Good,24.5642,-81.7775
15920,Italy,Bagheria,81,Moderate,1,Good,46,Good,0,Good,81,Moderate,38.0833,13.5
15964,United Kingdom,Teignmouth,37,Good,1,Good,29,Good,1,Good,37,Good,50.5515,-3.4886
15967,United Kingdom,Torquay,36,Good,1,Good,30,Good,1,Good,36,Good,50.47,-3.53
15968,United Kingdom,Torquay,36,Good,1,Good,30,Good,1,Good,36,Good,-38.3333,144.3167
16055,United States of America,Key Biscayne,60,Moderate,1,Good,17,Good,10,Good,60,Moderate,25.6908,-80.1653
16135,Portugal,Peniche,30,Good,1,Good,30,Good,3,Good,19,Good,39.35,-9.3667
16209,Cuba,Manzanillo,29,Good,1,Good,20,Good,1,Good,29,Good,19.0522,-104.3158
16210,Cuba,Manzanillo,29,Good,1,Good,20,Good,1,Good,29,Good,20.3397,-77.1086
16265,Italy,Forio,51,Moderate,1,Good,51,Moderate,1,Good,20,Good,40.7333,13.85
16266,United States of America,Tiverton,32,Good,1,Good,24,Good,7,Good,32,Good,50.903,-3.488
16267,United States of America,Tiverton,32,Good,1,Good,24,Good,7,Good,32,Good,41.609,-71.1741
16279,Italy,Sorrento,61,Moderate,1,Good,45,Good,3,Good,61,Moderate,40.6278,14.3736
16456,Indonesia,Bima,25,Good,1,Good,25,Good,0,Good,24,Good,-8.46,118.7267
16594,Brazil,Marapanim,25,Good,1,Good,15,Good,0,Good,25,Good,-0.7139,-47.6939
16618,Chile,Calbuco,36,Good,1,Good,15,Good,3,Good,36,Good,-41.7667,-73.1333
